"Identificador do processo de viagem ";"Sequência Trecho";"Origem - Data";"Origem - País";"Origem - UF";"Origem - Cidade";"Destino - Data";"Destino - País";"Destino - UF";"Destino - Cidade";"Meio de transporte";"Número Diárias";"Missao?"
"0000000000015233002";"1";"20190108";"Brasil";"Distrito Federal";"Brasília";"20190110";"Brasil";"Rio Grande do Sul";"Porto Alegre";"Aéreo";",00";"Sim"
"0000000000015233002";"3";"20190111";"Brasil";"Paraná";"Curitiba";"20190111";"Brasil";"Distrito Federal";"Brasília";"Aéreo";",00";"Não"
"0000000000015233002";"2";"20190110";"Brasil";"Rio Grande do Sul";"Porto Alegre";"20190111";"Brasil";"Paraná";"Curitiba";"Aéreo";",00";"Sim"
"0000000000015463315";"1";"20190108";"Portugal";"";"Lisboa";"20190114";"Brasil";"Distrito Federal";"Brasília";"Aéreo";",00";"Não"
"0000000000015463318";"1";"20190108";"Portugal";"";"Lisboa";"20190114";"Brasil";"Distrito Federal";"Brasília";"Aéreo";",00";"Não"
"0000000000015553025";"2";"20190203";"Brasil";"Piauí";"Teresina";"20190203";"Brasil";"Amazonas";"Manaus";"Aéreo";",00";"Não"
"0000000000015553025";"1";"20190118";"Brasil";"Amazonas";"Manaus";"20190203";"Brasil";"Piauí";"Teresina";"Aéreo";",00";"Sim"
"0000000000015557481";"1";"20190103";"Uruguai";"";"Montevidéu";"20190105";"Brasil";"Distrito Federal";"Brasília";"Aéreo";",00";"Sim"
"0000000000015557595";"1";"20190103";"Uruguai";"";"Montevidéu";"20190106";"Brasil";"Distrito Federal";"Brasília";"Aéreo";",00";"Não"
"0000000000015557640";"1";"20190103";"Uruguai";"";"Montevidéu";"20190106";"Brasil";"Distrito Federal";"Brasília";"Aéreo";",00";"Não"
"0000000000015603562";"1";"20190118";"Brasil";"São Paulo";"São Paulo";"20190203";"Brasil";"Piauí";"Teresina";"Aéreo";",00";"Sim"
"0000000000015603562";"2";"20190203";"Brasil";"Piauí";"Teresina";"20190203";"Brasil";"São Paulo";"São Paulo";"Aéreo";",00";"Não"
"0000000000015603601";"1";"20190118";"Brasil";"São Paulo";"São Paulo";"20190203";"Brasil";"Piauí";"Teresina";"Aéreo";",00";"Sim"
"0000000000015603601";"2";"20190203";"Brasil";"Piauí";"Teresina";"20190203";"Brasil";"São Paulo";"São Paulo";"Aéreo";",00";"Não"
"0000000000015606199";"1";"20190102";"Brasil";"Distrito Federal";"Brasília";"20190104";"Uruguai";"";"Montevidéu";"Aéreo";",00";"Sim"
"0000000000015623942";"1";"20190108";"Brasil";"Distrito Federal";"Brasília";"20190110";"Brasil";"Rio Grande do Sul";"Porto Alegre";"Aéreo";",00";"Sim"
"0000000000015623942";"3";"20190111";"Brasil";"Paraná";"Curitiba";"20190111";"Brasil";"Distrito Federal";"Brasília";"Aéreo";",00";"Não"
"0000000000015623942";"2";"20190110";"Brasil";"Rio Grande do Sul";"Porto Alegre";"20190111";"Brasil";"Paraná";"Curitiba";"Aéreo";",00";"Sim"
"0000000000015646242";"1";"20190108";"Panamá";"";"Cidade do Panamá";"20190114";"Estados Unidos da América";"";"Miami";"Aéreo";",00";"Sim"
"0000000000015666333";"2";"20190104";"Portugal";"";"Lisboa";"20190110";"Brasil";"Distrito Federal";"Brasília";"Aéreo";",00";"Sim"
"0000000000015666333";"1";"20190103";"Bulgária";"";"Sofia";"20190104";"Portugal";"";"Lisboa";"Aéreo";",00";"Não"
"0000000000015666342";"2";"20190104";"Portugal";"";"Lisboa";"20190110";"Brasil";"Distrito Federal";"Brasília";"Aéreo";",00";"Não"
"0000000000015666342";"1";"20190103";"Bulgária";"";"Sofia";"20190104";"Portugal";"";"Lisboa";"Aéreo";",00";"Não"
"0000000000015666348";"2";"20190104";"Portugal";"";"Lisboa";"20190110";"Brasil";"Distrito Federal";"Brasília";"Aéreo";",00";"Não"
"0000000000015666348";"1";"20190103";"Bulgária";"";"Sofia";"20190104";"Portugal";"";"Lisboa";"Aéreo";",00";"Não"
"0000000000015685570";"1";"20190106";"Brasil";"Distrito Federal";"Brasília";"20190108";"Brasil";"Pernambuco";"Recife";"Aéreo";",00";"Sim"
"0000000000015685570";"2";"20190108";"Brasil";"Pernambuco";"Recife";"20190108";"Brasil";"Distrito Federal";"Brasília";"Aéreo";",00";"Não"
"0000000000015687397";"1";"20190102";"Uruguai";"";"Montevidéu";"20190104";"Paraguai";"";"Assunção";"Aéreo";",00";"Sim"
"0000000000015687509";"1";"20190102";"Uruguai";"";"Montevidéu";"20190102";"Paraguai";"";"Assunção";"Aéreo";",00";"Não"
"0000000000015687607";"1";"20190102";"Uruguai";"";"Montevidéu";"20190102";"Paraguai";"";"Assunção";"Aéreo";",00";"Não"
"0000000000015697881";"1";"20190108";"Brasil";"Distrito Federal";"Brasília";"20190110";"Brasil";"Bahia";"Salvador";"Aéreo";",00";"Sim"
"0000000000015697881";"2";"20190110";"Brasil";"Bahia";"Salvador";"20190110";"Brasil";"Distrito Federal";"Brasília";"Aéreo";",00";"Não"
"0000000000015698003";"1";"20190108";"Brasil";"Distrito Federal";"Brasília";"20190110";"Brasil";"Bahia";"Salvador";"Aéreo";",00";"Sim"
"0000000000015698003";"2";"20190110";"Brasil";"Bahia";"Salvador";"20190110";"Brasil";"Distrito Federal";"Brasília";"Aéreo";",00";"Não"
"0000000000015698359";"1";"20190103";"Brasil";"Roraima";"Boa Vista";"20190117";"Brasil";"Roraima";"Pacaraima";"Rodoviário";",00";"Sim"
"0000000000015698359";"2";"20190117";"Brasil";"Roraima";"Pacaraima";"20190117";"Brasil";"Roraima";"Boa Vista";"Rodoviário";",00";"Não"
"0000000000015700521";"1";"20190102";"Brasil";"Roraima";"Boa Vista";"20190116";"Brasil";"Roraima";"Pacaraima";"Rodoviário";",00";"Sim"
"0000000000015700521";"2";"20190116";"Brasil";"Roraima";"Pacaraima";"20190116";"Brasil";"Roraima";"Boa Vista";"Rodoviário";",00";"Não"
"0000000000015701076";"2";"20190103";"Brasil";"Distrito Federal";"Brasília";"20190103";"Brasil";"Rio de Janeiro";"Rio de Janeiro";"Aéreo";",50";"Não"
"0000000000015701076";"1";"20190101";"Brasil";"Rio de Janeiro";"Rio de Janeiro";"20190103";"Brasil";"Distrito Federal";"Brasília";"Aéreo";"2,00";"Sim"
"0000000000015708969";"1";"20190107";"Brasil";"São Paulo";"São Sebastião";"20190110";"Brasil";"São Paulo";"São José dos Campos";"Veículo Próprio";",00";"Sim"
"0000000000015708969";"2";"20190110";"Brasil";"São Paulo";"São José dos Campos";"20190110";"Brasil";"São Paulo";"São Sebastião";"Veículo Próprio";",00";"Não"
"0000000000015710214";"1";"20190106";"Brasil";"Distrito Federal";"Brasília";"20190111";"Bélgica";"";"Bruxelas";"Aéreo";",00";"Sim"
"0000000000015712266";"1";"20190106";"Espanha";"";"Madri";"20190112";"Haiti";"";"Porto Príncipe";"Aéreo";",00";"Sim"
"0000000000015713793";"1";"20190102";"República Dominicana";"";"Santo Domingo de Guzmán";"20190105";"Brasil";"Distrito Federal";"Brasília";"Aéreo";",00";"Sim"
"0000000000015713910";"1";"20190102";"República Dominicana";"";"Santo Domingo de Guzmán";"20190103";"Brasil";"Distrito Federal";"Brasília";"Aéreo";",00";"Não"
"0000000000015722125";"2";"20190201";"Brasil";"Pernambuco";"Recife";"20190201";"Brasil";"São Paulo";"Piracicaba";"Aéreo";",00";"Não"
"0000000000015722125";"1";"20190128";"Brasil";"São Paulo";"Piracicaba";"20190201";"Brasil";"Pernambuco";"Recife";"Aéreo";",00";"Sim"
"0000000000015722506";"1";"20190104";"Brasil";"Acre";"Rio Branco";"20190105";"Brasil";"Bahia";"Salvador";"Aéreo";",00";"Não"
"0000000000015728406";"2";"20190110";"Brasil";"Distrito Federal";"Brasília";"20190110";"Brasil";"Bahia";"Salvador";"Aéreo";",50";"Não"
"0000000000015728406";"1";"20190106";"Brasil";"Bahia";"Salvador";"20190110";"Brasil";"Distrito Federal";"Brasília";"Aéreo";"4,00";"Sim"
"0000000000015731765";"2";"20190105";"Myanmar";"";"Nay Pyi Taw";"20190105";"Myanmar";"";"Yangon";"Aéreo";",00";"Não"
"0000000000015731765";"1";"20190104";"Myanmar";"";"Yangon";"20190105";"Myanmar";"";"Nay Pyi Taw";"Aéreo";",00";"Sim"
"0000000000015734788";"2";"20190111";"Brasil";"Distrito Federal";"Brasília";"20190111";"Brasil";"São Paulo";"Campinas";"Aéreo";",50";"Não"
"0000000000015734788";"1";"20190107";"Brasil";"São Paulo";"Campinas";"20190111";"Brasil";"Distrito Federal";"Brasília";"Aéreo";"4,00";"Sim"
"0000000000015735178";"2";"20190102";"Brasil";"Distrito Federal";"Brasília";"20190102";"Brasil";"Rio de Janeiro";"Rio de Janeiro";"Veículo Oficial";",00";"Não"
"0000000000015735178";"1";"20190102";"Brasil";"Rio de Janeiro";"Rio de Janeiro";"20190102";"Brasil";"Distrito Federal";"Brasília";"Veículo Oficial";",00";"Sim"
"0000000000015737480";"1";"20190124";"Brasil";"Distrito Federal";"Brasília";"20190124";"Brasil";"São Paulo";"Guarulhos";"Aéreo";",00";"Não"
"0000000000015737480";"2";"20190124";"Brasil";"São Paulo";"Guarulhos";"20190125";"Brasil";"São Paulo";"São José dos Campos";"Rodoviário";"1,00";"Sim"
"0000000000015737480";"4";"20190125";"Brasil";"São Paulo";"Guarulhos";"20190125";"Brasil";"Distrito Federal";"Brasília";"Aéreo";",50";"Não"
"0000000000015737480";"3";"20190125";"Brasil";"São Paulo";"São José dos Campos";"20190125";"Brasil";"São Paulo";"Guarulhos";"Rodoviário";",00";"Não"
"0000000000015737922";"2";"20190102";"Brasil";"Distrito Federal";"Brasília";"20190102";"Brasil";"Rio de Janeiro";"Rio de Janeiro";"Veículo Oficial";",00";"Não"
"0000000000015737922";"1";"20190102";"Brasil";"Rio de Janeiro";"Rio de Janeiro";"20190102";"Brasil";"Distrito Federal";"Brasília";"Veículo Oficial";",00";"Sim"
"0000000000015741213";"1";"20190102";"Brasil";"Distrito Federal";"Brasília";"20190102";"Brasil";"São Paulo";"Guarulhos";"Aéreo";",00";"Não"
"0000000000015741213";"4";"20190104";"Brasil";"São Paulo";"Guarulhos";"20190104";"Brasil";"Distrito Federal";"Brasília";"Aéreo";",00";"Não"
"0000000000015741213";"2";"20190102";"Brasil";"São Paulo";"Guarulhos";"20190104";"Brasil";"São Paulo";"São José dos Campos";"Rodoviário";",00";"Sim"
"0000000000015741213";"3";"20190104";"Brasil";"São Paulo";"São José dos Campos";"20190104";"Brasil";"São Paulo";"Guarulhos";"Rodoviário";",00";"Não"
"0000000000015741368";"2";"20190201";"Brasil";"Minas Gerais";"Belo Horizonte";"20190201";"Brasil";"Minas Gerais";"Poços de Caldas";"Rodoviário";",00";"Não"
"0000000000015741368";"1";"20190129";"Brasil";"Minas Gerais";"Poços de Caldas";"20190201";"Brasil";"Minas Gerais";"Belo Horizonte";"Rodoviário";",00";"Sim"
"0000000000015742639";"3";"20190125";"Brasil";"Pará";"Santarém";"20190125";"Brasil";"São Paulo";"Campinas";"Aéreo";",00";"Não"
"0000000000015742639";"1";"20190115";"Brasil";"São Paulo";"São Carlos";"20190115";"Brasil";"São Paulo";"Campinas";"Rodoviário";",00";"Não"
"0000000000015742639";"4";"20190125";"Brasil";"São Paulo";"Campinas";"20190125";"Brasil";"São Paulo";"São Carlos";"Rodoviário";",50";"Não"
"0000000000015742639";"2";"20190115";"Brasil";"São Paulo";"Campinas";"20190125";"Brasil";"Pará";"Santarém";"Aéreo";"10,00";"Sim"
"0000000000015744671";"1";"20190114";"Brasil";"São Paulo";"São Paulo";"20190117";"Brasil";"São Paulo";"São José dos Campos";"Veículo Oficial";",00";"Sim"
"0000000000015744671";"2";"20190117";"Brasil";"São Paulo";"São José dos Campos";"20190117";"Brasil";"São Paulo";"São Paulo";"Veículo Oficial";",00";"Não"
"0000000000015744731";"1";"20190109";"Brasil";"São Paulo";"São Paulo";"20190109";"Brasil";"São Paulo";"São José dos Campos";"Veículo Próprio";",00";"Sim"
"0000000000015744731";"3";"20190110";"Brasil";"São Paulo";"São Paulo";"20190110";"Brasil";"São Paulo";"São José dos Campos";"Veículo Próprio";",00";"Sim"
"0000000000015744731";"5";"20190111";"Brasil";"São Paulo";"São Paulo";"20190111";"Brasil";"São Paulo";"São José dos Campos";"Veículo Próprio";",00";"Sim"
"0000000000015744731";"6";"20190111";"Brasil";"São Paulo";"São José dos Campos";"20190111";"Brasil";"São Paulo";"São Paulo";"Veículo Próprio";",00";"Não"
"0000000000015744731";"4";"20190110";"Brasil";"São Paulo";"São José dos Campos";"20190111";"Brasil";"São Paulo";"São Paulo";"Veículo Próprio";",00";"Não"
"0000000000015744731";"2";"20190109";"Brasil";"São Paulo";"São José dos Campos";"20190110";"Brasil";"São Paulo";"São Paulo";"Veículo Próprio";",00";"Não"
"0000000000015745663";"3";"20190117";"Brasil";"São Paulo";"Gabriel Monteiro";"20190117";"Brasil";"São Paulo";"Araçatuba";"Veículo Oficial";",00";"Não"
"0000000000015745663";"4";"20190117";"Brasil";"São Paulo";"Araçatuba";"20190117";"Brasil";"São Paulo";"Campinas";"Aéreo";",00";"Não"
"0000000000015745663";"2";"20190114";"Brasil";"São Paulo";"Araçatuba";"20190117";"Brasil";"São Paulo";"Gabriel Monteiro";"Veículo Oficial";",00";"Sim"
"0000000000015745663";"1";"20190114";"Brasil";"São Paulo";"Campinas";"20190114";"Brasil";"São Paulo";"Araçatuba";"Aéreo";",00";"Não"
"0000000000015745749";"3";"20190117";"Brasil";"São Paulo";"Gabriel Monteiro";"20190117";"Brasil";"São Paulo";"Araçatuba";"Veículo Oficial";",00";"Não"
"0000000000015745749";"2";"20190114";"Brasil";"São Paulo";"Araçatuba";"20190117";"Brasil";"São Paulo";"Gabriel Monteiro";"Veículo Oficial";",00";"Sim"
"0000000000015745749";"4";"20190117";"Brasil";"São Paulo";"Araçatuba";"20190117";"Brasil";"São Paulo";"Campinas";"Aéreo";",00";"Não"
"0000000000015745749";"1";"20190114";"Brasil";"São Paulo";"Campinas";"20190114";"Brasil";"São Paulo";"Araçatuba";"Aéreo";",00";"Não"
"0000000000015745924";"2";"20190208";"Brasil";"São Paulo";"São Paulo";"20190208";"Brasil";"Paraná";"Curitiba";"Aéreo";",00";"Não"
"0000000000015745924";"1";"20190205";"Brasil";"Paraná";"Curitiba";"20190208";"Brasil";"São Paulo";"São Paulo";"Aéreo";",00";"Sim"
"0000000000015746359";"1";"20190108";"Brasil";"Distrito Federal";"Brasília";"20190108";"Brasil";"São Paulo";"São Paulo";"Aéreo";",00";"Sim"
"0000000000015746359";"2";"20190108";"Brasil";"São Paulo";"São Paulo";"20190108";"Brasil";"Distrito Federal";"Brasília";"Aéreo";",00";"Não"
"0000000000015747921";"1";"20190115";"Portugal";"";"Lisboa";"20190121";"Brasil";"Distrito Federal";"Brasília";"Aéreo";",00";"Sim"
"0000000000015747994";"1";"20190115";"Portugal";"";"Lisboa";"20190121";"Brasil";"Distrito Federal";"Brasília";"Aéreo";",00";"Não"
"0000000000015749151";"2";"20190104";"Brasil";"Distrito Federal";"Brasília";"20190104";"Brasil";"São Paulo";"São Paulo";"Aéreo";",50";"Não"
"0000000000015749151";"1";"20190102";"Brasil";"São Paulo";"São Paulo";"20190104";"Brasil";"Distrito Federal";"Brasília";"Aéreo";"2,00";"Sim"
"0000000000015749539";"2";"20190116";"Brasil";"Santa Catarina";"Florianópolis";"20190116";"Brasil";"Rio de Janeiro";"Rio de Janeiro";"Aéreo";",00";"Não"
"0000000000015749539";"1";"20190114";"Brasil";"Rio de Janeiro";"Rio de Janeiro";"20190116";"Brasil";"Santa Catarina";"Florianópolis";"Aéreo";",00";"Sim"
"0000000000015751390";"1";"20190116";"Brasil";"Distrito Federal";"Brasília";"20190116";"Brasil";"São Paulo";"Guarulhos";"Aéreo";",00";"Sim"
"0000000000015751390";"3";"20190117";"Brasil";"São Paulo";"São Paulo";"20190117";"Brasil";"Distrito Federal";"Brasília";"Aéreo";",00";"Não"
"0000000000015751390";"2";"20190116";"Brasil";"São Paulo";"Guarulhos";"20190117";"Brasil";"São Paulo";"São Paulo";"Rodoviário";",00";"Não"
"0000000000015751428";"1";"20190116";"Brasil";"Distrito Federal";"Brasília";"20190116";"Brasil";"São Paulo";"Guarulhos";"Aéreo";",00";"Sim"
"0000000000015751428";"3";"20190117";"Brasil";"São Paulo";"São Paulo";"20190117";"Brasil";"Distrito Federal";"Brasília";"Aéreo";",00";"Não"
"0000000000015751428";"2";"20190116";"Brasil";"São Paulo";"Guarulhos";"20190117";"Brasil";"São Paulo";"São Paulo";"Rodoviário";",00";"Não"
"0000000000015752170";"1";"20190113";"Brasil";"Amazonas";"Manaus";"20190119";"Brasil";"Rio de Janeiro";"Rio de Janeiro";"Aéreo";",00";"Sim"
"0000000000015752170";"2";"20190119";"Brasil";"Rio de Janeiro";"Rio de Janeiro";"20190119";"Brasil";"Amazonas";"Manaus";"Aéreo";",50";"Não"
"0000000000015753418";"1";"20190104";"Brasil";"Distrito Federal";"Brasília";"20190106";"Brasil";"Roraima";"Boa Vista";"Aéreo";",00";"Sim"
"0000000000015753418";"2";"20190106";"Brasil";"Roraima";"Boa Vista";"20190106";"Brasil";"Distrito Federal";"Brasília";"Aéreo";",00";"Não"
"0000000000015753683";"2";"20190104";"Brasil";"Distrito Federal";"Brasília";"20190104";"Brasil";"Pernambuco";"Recife";"Aéreo";",00";"Não"
"0000000000015753683";"1";"20190103";"Brasil";"Pernambuco";"Recife";"20190104";"Brasil";"Distrito Federal";"Brasília";"Aéreo";",00";"Sim"
"0000000000015753698";"3";"20190109";"Brasil";"Minas Gerais";"Belo Horizonte";"20190109";"Brasil";"Minas Gerais";"Confins";"Rodoviário";",00";"Sim"
"0000000000015753698";"1";"20190108";"Brasil";"Rio de Janeiro";"Rio de Janeiro";"20190108";"Brasil";"Minas Gerais";"Confins";"Aéreo";",00";"Não"
"0000000000015753698";"2";"20190108";"Brasil";"Minas Gerais";"Confins";"20190109";"Brasil";"Minas Gerais";"Belo Horizonte";"Rodoviário";",00";"Sim"
"0000000000015753698";"4";"20190109";"Brasil";"Minas Gerais";"Confins";"20190109";"Brasil";"Rio de Janeiro";"Rio de Janeiro";"Aéreo";",00";"Não"
"0000000000015753854";"3";"20190109";"Brasil";"Minas Gerais";"Belo Horizonte";"20190109";"Brasil";"Minas Gerais";"Confins";"Rodoviário";",00";"Sim"
"0000000000015753854";"1";"20190108";"Brasil";"Rio de Janeiro";"Rio de Janeiro";"20190108";"Brasil";"Minas Gerais";"Confins";"Aéreo";",00";"Não"
"0000000000015753854";"2";"20190108";"Brasil";"Minas Gerais";"Confins";"20190109";"Brasil";"Minas Gerais";"Belo Horizonte";"Rodoviário";",00";"Sim"
"0000000000015753854";"4";"20190109";"Brasil";"Minas Gerais";"Confins";"20190109";"Brasil";"Rio de Janeiro";"Rio de Janeiro";"Aéreo";",00";"Não"
"0000000000015754067";"2";"20190103";"Brasil";"Distrito Federal";"Brasília";"20190103";"Brasil";"Rio de Janeiro";"Rio de Janeiro";"Aéreo";",00";"Não"
"0000000000015754067";"1";"20190101";"Brasil";"Rio de Janeiro";"Rio de Janeiro";"20190103";"Brasil";"Distrito Federal";"Brasília";"Aéreo";",00";"Sim"
"0000000000015754591";"1";"20190107";"Brasil";"Pernambuco";"Ilha de Itamaracá";"20190109";"Brasil";"Alagoas";"Porto de Pedras";"Veículo Oficial";",00";"Sim"
"0000000000015754591";"2";"20190109";"Brasil";"Alagoas";"Porto de Pedras";"20190109";"Brasil";"Pernambuco";"Ilha de Itamaracá";"Veículo Oficial";",00";"Não"
"0000000000015754650";"1";"20190107";"Brasil";"Pernambuco";"Tamandaré";"20190109";"Brasil";"Alagoas";"Porto de Pedras";"Veículo Oficial";",00";"Sim"
"0000000000015754650";"2";"20190109";"Brasil";"Alagoas";"Porto de Pedras";"20190109";"Brasil";"Pernambuco";"Tamandaré";"Veículo Oficial";",00";"Não"
"0000000000015755689";"2";"20190103";"Brasil";"Distrito Federal";"Brasília";"20190103";"Brasil";"Rio de Janeiro";"Rio de Janeiro";"Aéreo";",50";"Não"
"0000000000015755689";"1";"20190101";"Brasil";"Rio de Janeiro";"Rio de Janeiro";"20190103";"Brasil";"Distrito Federal";"Brasília";"Aéreo";"2,00";"Sim"
"0000000000015755875";"2";"20190102";"Brasil";"Distrito Federal";"Brasília";"20190102";"Brasil";"Rio de Janeiro";"Rio de Janeiro";"Aéreo";",00";"Não"
"0000000000015755875";"1";"20190101";"Brasil";"Rio de Janeiro";"Rio de Janeiro";"20190102";"Brasil";"Distrito Federal";"Brasília";"Aéreo";",00";"Sim"
"0000000000015756136";"2";"20190104";"Brasil";"Distrito Federal";"Brasília";"20190104";"Brasil";"Rio de Janeiro";"Rio de Janeiro";"Aéreo";",00";"Não"
"0000000000015756136";"1";"20190104";"Brasil";"Rio de Janeiro";"Rio de Janeiro";"20190104";"Brasil";"Distrito Federal";"Brasília";"Aéreo";",00";"Sim"
"0000000000015756631";"1";"20190107";"Brasil";"Minas Gerais";"Belo Horizonte";"20190110";"Brasil";"Distrito Federal";"Brasília";"Aéreo";",00";"Sim"
"0000000000015756631";"2";"20190110";"Brasil";"Distrito Federal";"Brasília";"20190110";"Brasil";"Minas Gerais";"Belo Horizonte";"Aéreo";",00";"Não"
"0000000000015756820";"1";"20190105";"Brasil";"Distrito Federal";"Brasília";"20190106";"Brasil";"Roraima";"Boa Vista";"Aéreo";",00";"Sim"
"0000000000015756957";"1";"20190105";"Brasil";"Distrito Federal";"Brasília";"20190106";"Brasil";"Roraima";"Boa Vista";"Aéreo";",00";"Não"
"0000000000015757008";"2";"20190102";"Brasil";"Distrito Federal";"Brasília";"20190102";"Brasil";"Rio de Janeiro";"Rio de Janeiro";"Aéreo";",50";"Não"
"0000000000015757008";"1";"20190101";"Brasil";"Rio de Janeiro";"Rio de Janeiro";"20190102";"Brasil";"Distrito Federal";"Brasília";"Aéreo";"1,00";"Sim"
"0000000000015757397";"1";"20190105";"Brasil";"Distrito Federal";"Brasília";"20190106";"Brasil";"Roraima";"Boa Vista";"Aéreo";",00";"Não"
"0000000000015757455";"1";"20190105";"Brasil";"Distrito Federal";"Brasília";"20190106";"Brasil";"Roraima";"Boa Vista";"Aéreo";",00";"Não"
"0000000000015757558";"1";"20190105";"Brasil";"Distrito Federal";"Brasília";"20190106";"Brasil";"Roraima";"Boa Vista";"Aéreo";",00";"Não"
"0000000000015757630";"1";"20190122";"Brasil";"Distrito Federal";"Brasília";"20190128";"Alemanha";"";"Berlim";"Aéreo";",00";"Sim"
"0000000000015757941";"1";"20190103";"Brasil";"Distrito Federal";"Brasília";"20190109";"Japão";"";"Nagoya";"Aéreo";",00";"Não"
"0000000000015758142";"2";"20190103";"Brasil";"Santa Catarina";"Balneário Camboriú";"20190103";"Brasil";"Santa Catarina";"Florianópolis";"Veículo Oficial";",00";"Não"
"0000000000015758142";"1";"20190103";"Brasil";"Santa Catarina";"Florianópolis";"20190103";"Brasil";"Santa Catarina";"Balneário Camboriú";"Veículo Oficial";",00";"Sim"
"0000000000015758325";"1";"20190102";"Brasil";"Distrito Federal";"Brasília";"20190102";"Brasil";"São Paulo";"São Paulo";"Aéreo";",00";"Sim"
"0000000000015758637";"1";"20190101";"Brasil";"Rio Grande do Sul";"Porto Alegre";"20190101";"Brasil";"Distrito Federal";"Brasília";"Aéreo";",00";"Sim"
"0000000000015758689";"1";"20190103";"Brasil";"Roraima";"Boa Vista";"20190104";"Brasil";"São Paulo";"São Paulo";"Aéreo";",00";"Sim"
"0000000000015758707";"1";"20190103";"Brasil";"Roraima";"Boa Vista";"20190104";"Brasil";"São Paulo";"São Paulo";"Aéreo";",00";"Sim"
"0000000000015758766";"2";"20190104";"Brasil";"Distrito Federal";"Brasília";"20190104";"Brasil";"Rio de Janeiro";"Rio de Janeiro";"Aéreo";",00";"Não"
"0000000000015758766";"1";"20190104";"Brasil";"Rio de Janeiro";"Rio de Janeiro";"20190104";"Brasil";"Distrito Federal";"Brasília";"Aéreo";",00";"Sim"
"0000000000015758873";"1";"20190102";"Brasil";"Rio Grande do Sul";"Caxias do Sul";"20190104";"Brasil";"Rio Grande do Sul";"Vacaria";"Veículo Próprio";"2,00";"Sim"
"0000000000015758873";"2";"20190104";"Brasil";"Rio Grande do Sul";"Vacaria";"20190104";"Brasil";"Rio Grande do Sul";"Caxias do Sul";"Veículo Próprio";",50";"Não"
"0000000000015758981";"2";"20190111";"Brasil";"Ceará";"Fortaleza";"20190111";"Brasil";"Ceará";"Juazeiro do Norte";"Aéreo";",00";"Não"
"0000000000015758981";"1";"20190109";"Brasil";"Ceará";"Juazeiro do Norte";"20190111";"Brasil";"Ceará";"Fortaleza";"Aéreo";",00";"Sim"
"0000000000015760480";"1";"20190103";"Brasil";"Distrito Federal";"Brasília";"20190104";"Brasil";"Alagoas";"Maceió";"Aéreo";",00";"Sim"
"0000000000015760480";"2";"20190104";"Brasil";"Alagoas";"Maceió";"20190104";"Brasil";"Distrito Federal";"Brasília";"Aéreo";",00";"Não"
"0000000000015760906";"2";"20190102";"Brasil";"Distrito Federal";"Brasília";"20190102";"Brasil";"Rio de Janeiro";"Rio de Janeiro";"Aéreo";",00";"Não"
"0000000000015760906";"1";"20190101";"Brasil";"Rio de Janeiro";"Rio de Janeiro";"20190102";"Brasil";"Distrito Federal";"Brasília";"Aéreo";",00";"Sim"
"0000000000015761119";"2";"20190103";"Brasil";"Distrito Federal";"Brasília";"20190103";"Brasil";"Rio de Janeiro";"Rio de Janeiro";"Aéreo";",00";"Não"
"0000000000015761119";"1";"20190101";"Brasil";"Rio de Janeiro";"Rio de Janeiro";"20190103";"Brasil";"Distrito Federal";"Brasília";"Aéreo";",00";"Sim"
"0000000000015761214";"2";"20190109";"Brasil";"Distrito Federal";"Brasília";"20190109";"Brasil";"Rio de Janeiro";"Rio de Janeiro";"Aéreo";",00";"Não"
"0000000000015761214";"1";"20190109";"Brasil";"Rio de Janeiro";"Rio de Janeiro";"20190109";"Brasil";"Distrito Federal";"Brasília";"Aéreo";",00";"Sim"
"0000000000015761281";"1";"20190102";"Brasil";"Maranhão";"São Luís";"20190102";"Brasil";"Distrito Federal";"Brasília";"Aéreo";",00";"Sim"
"0000000000015761388";"2";"20190102";"Brasil";"Distrito Federal";"Brasília";"20190103";"Brasil";"Paraná";"Londrina";"Aéreo";",00";"Não"
"0000000000015761388";"1";"20190102";"Brasil";"Paraná";"Londrina";"20190102";"Brasil";"Distrito Federal";"Brasília";"Aéreo";",00";"Sim"
"0000000000015761433";"2";"20190114";"Brasil";"São Paulo";"Campinas";"20190116";"Brasil";"Minas Gerais";"Poços de Caldas";"Veículo Oficial";",00";"Sim"
"0000000000015761433";"4";"20190116";"Brasil";"São Paulo";"Campinas";"20190116";"Brasil";"Rio de Janeiro";"Rio de Janeiro";"Aéreo";",00";"Não"
"0000000000015761433";"1";"20190114";"Brasil";"Rio de Janeiro";"Rio de Janeiro";"20190114";"Brasil";"São Paulo";"Campinas";"Aéreo";",00";"Não"
"0000000000015761433";"3";"20190116";"Brasil";"Minas Gerais";"Poços de Caldas";"20190116";"Brasil";"São Paulo";"Campinas";"Veículo Oficial";",00";"Não"
"0000000000015761500";"1";"20190104";"Brasil";"Pará";"Belém";"20190104";"Brasil";"Pará";"Curuca";"Veículo Oficial";",00";"Não"
"0000000000015761500";"2";"20190104";"Brasil";"Pará";"Curuca";"20190106";"Brasil";"Pará";"Curuca";"Inválido";",00";"Sim"
"0000000000015761500";"3";"20190106";"Brasil";"Pará";"Curuca";"20190106";"Brasil";"Pará";"Belém";"Veículo Oficial";",00";"Não"
"0000000000015761806";"2";"20190104";"Brasil";"Distrito Federal";"Brasília";"20190104";"Brasil";"Pernambuco";"Recife";"Aéreo";",00";"Não"
"0000000000015761806";"1";"20190103";"Brasil";"Pernambuco";"Recife";"20190104";"Brasil";"Distrito Federal";"Brasília";"Aéreo";",00";"Sim"
"0000000000015761974";"2";"20190119";"Brasil";"Amapá";"Macapá";"20190119";"Brasil";"Pará";"Belém";"Aéreo";",00";"Não"
"0000000000015761974";"1";"20190114";"Brasil";"Pará";"Belém";"20190119";"Brasil";"Amapá";"Macapá";"Aéreo";",00";"Sim"
"0000000000015762340";"1";"20190102";"Brasil";"Distrito Federal";"Brasília";"20190104";"Brasil";"São Paulo";"São Paulo";"Aéreo";",00";"Sim"
"0000000000015762340";"2";"20190104";"Brasil";"São Paulo";"São Paulo";"20190104";"Brasil";"Distrito Federal";"Brasília";"Aéreo";",00";"Não"
"0000000000015762552";"2";"20190508";"Brasil";"Distrito Federal";"Brasília";"20190508";"Brasil";"Bahia";"Salvador";"Aéreo";",00";"Não"
"0000000000015762552";"1";"20190506";"Brasil";"Bahia";"Salvador";"20190508";"Brasil";"Distrito Federal";"Brasília";"Aéreo";",00";"Sim"
"0000000000015762850";"1";"20190102";"Brasil";"Roraima";"Boa Vista";"20190102";"Brasil";"Distrito Federal";"Brasília";"Aéreo";",00";"Sim"
"0000000000015763247";"1";"20190102";"Brasil";"Distrito Federal";"Brasília";"20190103";"Brasil";"Pará";"Belém";"Aéreo";",00";"Sim"
"0000000000015763386";"2";"20190109";"Brasil";"Distrito Federal";"Brasília";"20190109";"Brasil";"Ceará";"Fortaleza";"Aéreo";",00";"Não"
"0000000000015763386";"1";"20190107";"Brasil";"Ceará";"Fortaleza";"20190109";"Brasil";"Distrito Federal";"Brasília";"Aéreo";",00";"Sim"
"0000000000015763764";"2";"20190103";"Brasil";"Distrito Federal";"Brasília";"20190103";"Brasil";"Minas Gerais";"Uberlândia";"Aéreo";",00";"Não"
"0000000000015763764";"1";"20190102";"Brasil";"Minas Gerais";"Uberlândia";"20190103";"Brasil";"Distrito Federal";"Brasília";"Aéreo";",00";"Sim"
"0000000000015763885";"1";"20190102";"Brasil";"Roraima";"Boa Vista";"20190103";"Brasil";"Distrito Federal";"Brasília";"Aéreo";",00";"Sim"
"0000000000015763893";"1";"20190102";"Brasil";"Roraima";"Boa Vista";"20190103";"Brasil";"Distrito Federal";"Brasília";"Aéreo";",00";"Sim"
"0000000000015763923";"2";"20190105";"Brasil";"Rondônia";"Porto Velho";"20190105";"Brasil";"Rondônia";"Machadinho D,Oeste";"Veículo Oficial";",00";"Não"
"0000000000015763923";"1";"20190104";"Brasil";"Amazonas";"Manicoré";"20190105";"Brasil";"Rondônia";"Porto Velho";"Veículo Oficial";",00";"Sim"
"0000000000015764083";"2";"20190102";"Brasil";"São Paulo";"Jaboticabal";"20190102";"Brasil";"São Paulo";"Monte Alto";"Veículo Próprio";",00";"Não"
"0000000000015764083";"1";"20190102";"Brasil";"São Paulo";"Monte Alto";"20190102";"Brasil";"São Paulo";"Jaboticabal";"Veículo Próprio";",00";"Sim"
"0000000000015764084";"2";"20190104";"Brasil";"São Paulo";"Jaboticabal";"20190104";"Brasil";"São Paulo";"Monte Alto";"Veículo Próprio";",00";"Não"
"0000000000015764084";"1";"20190104";"Brasil";"São Paulo";"Monte Alto";"20190104";"Brasil";"São Paulo";"Jaboticabal";"Veículo Próprio";",00";"Sim"
"0000000000015764157";"1";"20190120";"Brasil";"Pernambuco";"Recife";"20190125";"Brasil";"Rio de Janeiro";"Rio de Janeiro";"Aéreo";",00";"Sim"
"0000000000015764157";"2";"20190125";"Brasil";"Rio de Janeiro";"Rio de Janeiro";"20190125";"Brasil";"Pernambuco";"Recife";"Aéreo";",00";"Não"
"0000000000015764219";"1";"20190104";"Brasil";"Paraná";"Toledo";"20190104";"Brasil";"Paraná";"Marechal Cândido Rondon";"Veículo Oficial";",00";"Sim"
"0000000000015764219";"2";"20190104";"Brasil";"Paraná";"Marechal Cândido Rondon";"20190104";"Brasil";"Paraná";"Toledo";"Veículo Oficial";",00";"Não"
"0000000000015764256";"1";"20190108";"Brasil";"Paraná";"Toledo";"20190108";"Brasil";"Paraná";"Marechal Cândido Rondon";"Veículo Oficial";",00";"Sim"
"0000000000015764256";"2";"20190108";"Brasil";"Paraná";"Marechal Cândido Rondon";"20190108";"Brasil";"Paraná";"Toledo";"Veículo Oficial";",00";"Não"
"0000000000015764324";"1";"20190103";"Brasil";"Minas Gerais";"Belo Horizonte";"20190104";"Brasil";"Distrito Federal";"Brasília";"Aéreo";"1,00";"Sim"
"0000000000015764324";"2";"20190104";"Brasil";"Distrito Federal";"Brasília";"20190104";"Brasil";"Minas Gerais";"Belo Horizonte";"Aéreo";",50";"Não"
"0000000000015764381";"1";"20190102";"Brasil";"Rio Grande do Sul";"Santa Maria";"20190102";"Brasil";"Rio Grande do Sul";"Rosário do Sul";"Veículo Oficial";",00";"Sim"
"0000000000015764381";"2";"20190102";"Brasil";"Rio Grande do Sul";"Rosário do Sul";"20190102";"Brasil";"Rio Grande do Sul";"Santa Maria";"Veículo Oficial";",50";"Não"
"0000000000015764391";"2";"20190103";"Brasil";"Minas Gerais";"Alfenas";"20190103";"Brasil";"Minas Gerais";"Poços de Caldas";"Veículo Oficial";",00";"Não"
"0000000000015764391";"1";"20190103";"Brasil";"Minas Gerais";"Poços de Caldas";"20190103";"Brasil";"Minas Gerais";"Alfenas";"Veículo Oficial";",00";"Sim"
"0000000000015764411";"2";"20190107";"Brasil";"Distrito Federal";"Brasília";"20190107";"Brasil";"São Paulo";"Campinas";"Aéreo";",50";"Não"
"0000000000015764411";"1";"20190107";"Brasil";"São Paulo";"Campinas";"20190107";"Brasil";"Distrito Federal";"Brasília";"Aéreo";",00";"Sim"
"0000000000015764503";"1";"20190107";"Brasil";"Minas Gerais";"Varginha";"20190111";"Brasil";"Minas Gerais";"Pouso Alegre";"Veículo Oficial";"4,00";"Sim"
"0000000000015764503";"2";"20190111";"Brasil";"Minas Gerais";"Pouso Alegre";"20190111";"Brasil";"Minas Gerais";"Varginha";"Veículo Oficial";",50";"Não"
"0000000000015764577";"2";"20190103";"Brasil";"Roraima";"Normândia";"20190103";"Brasil";"Roraima";"Boa Vista";"Veículo Oficial";",00";"Não"
"0000000000015764577";"1";"20190103";"Brasil";"Roraima";"Boa Vista";"20190103";"Brasil";"Roraima";"Normândia";"Veículo Oficial";",00";"Sim"
"0000000000015764600";"1";"20190103";"Brasil";"Roraima";"Normândia";"20190103";"Brasil";"Roraima";"Boa Vista";"Veículo Oficial";",00";"Sim"
"0000000000015764600";"2";"20190103";"Brasil";"Roraima";"Boa Vista";"20190103";"Brasil";"Roraima";"Normândia";"Veículo Oficial";",00";"Não"
"0000000000015764618";"1";"20190103";"Brasil";"Minas Gerais";"Belo Horizonte";"20190103";"Brasil";"Minas Gerais";"Ribeirão das Neves";"Veículo Oficial";",00";"Sim"
"0000000000015764618";"2";"20190103";"Brasil";"Minas Gerais";"Ribeirão das Neves";"20190103";"Brasil";"Minas Gerais";"Belo Horizonte";"Veículo Oficial";",00";"Não"
"0000000000015764626";"1";"20190103";"Brasil";"Minas Gerais";"Belo Horizonte";"20190103";"Brasil";"Minas Gerais";"Ribeirão das Neves";"Veículo Oficial";",00";"Sim"
"0000000000015764626";"2";"20190103";"Brasil";"Minas Gerais";"Ribeirão das Neves";"20190103";"Brasil";"Minas Gerais";"Belo Horizonte";"Veículo Oficial";",00";"Não"
"0000000000015764652";"2";"20190103";"Brasil";"Rio Grande do Sul";"Venâncio Aires";"20190103";"Brasil";"Rio Grande do Sul";"Santa Cruz do Sul";"Veículo Oficial";",00";"Não"
"0000000000015764652";"1";"20190103";"Brasil";"Rio Grande do Sul";"Santa Cruz do Sul";"20190103";"Brasil";"Rio Grande do Sul";"Venâncio Aires";"Veículo Oficial";",00";"Sim"
"0000000000015764663";"1";"20190104";"Brasil";"Rio Grande do Sul";"Caxias do Sul";"20190104";"Brasil";"Rio Grande do Sul";"Garibaldi";"Veículo Oficial";",00";"Sim"
"0000000000015764663";"2";"20190104";"Brasil";"Rio Grande do Sul";"Garibaldi";"20190104";"Brasil";"Rio Grande do Sul";"Caxias do Sul";"Veículo Oficial";",00";"Não"
"0000000000015764670";"1";"20190107";"Brasil";"Distrito Federal";"Brasília";"20190107";"Brasil";"Rio de Janeiro";"Rio de Janeiro";"Aéreo";",00";"Sim"
"0000000000015764670";"2";"20190107";"Brasil";"Rio de Janeiro";"Rio de Janeiro";"20190107";"Brasil";"Distrito Federal";"Brasília";"Aéreo";",50";"Não"
"0000000000015764674";"1";"20190103";"Brasil";"Rio Grande do Sul";"Santo Ângelo";"20190103";"Brasil";"Rio Grande do Sul";"Porto Xavier";"Veículo Oficial";",00";"Sim"
"0000000000015764674";"2";"20190103";"Brasil";"Rio Grande do Sul";"Porto Xavier";"20190103";"Brasil";"Rio Grande do Sul";"Santo Ângelo";"Veículo Oficial";",00";"Não"
"0000000000015764679";"1";"20190103";"Brasil";"Rio Grande do Sul";"Santa Maria";"20190103";"Brasil";"Rio Grande do Sul";"Santa Maria";"Veículo Próprio";",00";"Sim"
"0000000000015764690";"1";"20190103";"Brasil";"Minas Gerais";"Belo Horizonte";"20190103";"Brasil";"Minas Gerais";"Betim";"Veículo Oficial";",00";"Sim"
"0000000000015764690";"2";"20190103";"Brasil";"Minas Gerais";"Betim";"20190103";"Brasil";"Minas Gerais";"Belo Horizonte";"Veículo Oficial";",00";"Não"
"0000000000015764692";"2";"20190103";"Brasil";"Minas Gerais";"Alfenas";"20190103";"Brasil";"Minas Gerais";"Poços de Caldas";"Veículo Oficial";",00";"Não"
"0000000000015764692";"1";"20190103";"Brasil";"Minas Gerais";"Poços de Caldas";"20190103";"Brasil";"Minas Gerais";"Alfenas";"Veículo Oficial";",00";"Sim"
"0000000000015764699";"1";"20190110";"Brasil";"Rio Grande do Sul";"Santa Maria";"20190110";"Brasil";"Rio Grande do Sul";"Santa Maria";"Veículo Próprio";",00";"Sim"
"0000000000015764700";"1";"20190108";"Brasil";"Rio Grande do Sul";"Santa Maria";"20190108";"Brasil";"Rio Grande do Sul";"Santa Maria";"Veículo Próprio";",00";"Sim"
"0000000000015764702";"1";"20190107";"Brasil";"Distrito Federal";"Brasília";"20190107";"Brasil";"Rio de Janeiro";"Rio de Janeiro";"Aéreo";",00";"Sim"
"0000000000015764702";"2";"20190107";"Brasil";"Rio de Janeiro";"Rio de Janeiro";"20190107";"Brasil";"Distrito Federal";"Brasília";"Aéreo";",50";"Não"
"0000000000015764855";"1";"20190107";"Brasil";"Paraná";"Maringá";"20190107";"Brasil";"Paraná";"Cianorte";"Veículo Oficial";",00";"Sim"
"0000000000015764855";"2";"20190107";"Brasil";"Paraná";"Cianorte";"20190107";"Brasil";"Paraná";"Maringá";"Veículo Oficial";",50";"Não"
"0000000000015764867";"1";"20190102";"Brasil";"Minas Gerais";"Porteirinha";"20190104";"Brasil";"Minas Gerais";"Montes Claros";"Veículo Próprio";",00";"Sim"
"0000000000015764867";"2";"20190104";"Brasil";"Minas Gerais";"Montes Claros";"20190104";"Brasil";"Minas Gerais";"Porteirinha";"Veículo Próprio";",00";"Não"
"0000000000015765024";"1";"20190104";"Brasil";"Paraná";"Paraíso do Norte";"20190104";"Brasil";"Paraná";"Paranavaí";"Veículo Próprio";",00";"Sim"
"0000000000015765024";"2";"20190104";"Brasil";"Paraná";"Paranavaí";"20190104";"Brasil";"Paraná";"Paraíso do Norte";"Veículo Próprio";",00";"Não"
"0000000000015765040";"1";"20190108";"Brasil";"Paraná";"Paraíso do Norte";"20190108";"Brasil";"Paraná";"Paranavaí";"Veículo Próprio";",00";"Sim"
"0000000000015765040";"2";"20190108";"Brasil";"Paraná";"Paranavaí";"20190108";"Brasil";"Paraná";"Paraíso do Norte";"Veículo Próprio";",00";"Não"
"0000000000015765090";"2";"20190104";"Brasil";"Amazonas";"Lábrea";"20190104";"Brasil";"Rondônia";"Porto Velho";"Rodoviário";",00";"Não"
"0000000000015765090";"1";"20190104";"Brasil";"Rondônia";"Porto Velho";"20190104";"Brasil";"Amazonas";"Lábrea";"Rodoviário";",00";"Sim"
"0000000000015765093";"2";"20190104";"Brasil";"Amazonas";"Lábrea";"20190104";"Brasil";"Rondônia";"Porto Velho";"Rodoviário";",00";"Não"
"0000000000015765093";"1";"20190104";"Brasil";"Rondônia";"Porto Velho";"20190104";"Brasil";"Amazonas";"Lábrea";"Rodoviário";",00";"Sim"
"0000000000015765102";"2";"20190107";"Brasil";"Paraná";"Apucarana";"20190107";"Brasil";"Paraná";"Londrina";"Veículo Oficial";",00";"Não"
"0000000000015765102";"1";"20190107";"Brasil";"Paraná";"Londrina";"20190107";"Brasil";"Paraná";"Apucarana";"Veículo Oficial";",00";"Sim"
"0000000000015765103";"2";"20190107";"Brasil";"Paraná";"Apucarana";"20190107";"Brasil";"Paraná";"Londrina";"Veículo Oficial";",00";"Não"
"0000000000015765103";"1";"20190107";"Brasil";"Paraná";"Londrina";"20190107";"Brasil";"Paraná";"Apucarana";"Veículo Oficial";",00";"Sim"
"0000000000015765348";"1";"20190108";"Brasil";"Distrito Federal";"Brasília";"20190109";"Brasil";"Rio de Janeiro";"Rio de Janeiro";"Aéreo";",00";"Sim"
"0000000000015765348";"2";"20190109";"Brasil";"Rio de Janeiro";"Rio de Janeiro";"20190109";"Brasil";"Distrito Federal";"Brasília";"Aéreo";",00";"Não"
"0000000000015765405";"1";"20190107";"Brasil";"Minas Gerais";"Belo Horizonte";"20190109";"Brasil";"Minas Gerais";"Bambuí";"Veículo Oficial";"2,00";"Sim"
"0000000000015765405";"2";"20190109";"Brasil";"Minas Gerais";"Bambuí";"20190111";"Brasil";"Minas Gerais";"Córrego Danta";"Veículo Oficial";"2,00";"Sim"
"0000000000015765405";"3";"20190111";"Brasil";"Minas Gerais";"Córrego Danta";"20190111";"Brasil";"Minas Gerais";"Belo Horizonte";"Veículo Oficial";",50";"Não"
"0000000000015765413";"1";"20190107";"Brasil";"Minas Gerais";"Belo Horizonte";"20190109";"Brasil";"Minas Gerais";"Bambuí";"Veículo Oficial";"2,00";"Sim"
"0000000000015765413";"2";"20190109";"Brasil";"Minas Gerais";"Bambuí";"20190111";"Brasil";"Minas Gerais";"Córrego Danta";"Veículo Oficial";"2,00";"Sim"
"0000000000015765413";"3";"20190111";"Brasil";"Minas Gerais";"Córrego Danta";"20190111";"Brasil";"Minas Gerais";"Belo Horizonte";"Veículo Oficial";",50";"Não"
"0000000000015765457";"1";"20190105";"Brasil";"Minas Gerais";"Belo Horizonte";"20190105";"Brasil";"Minas Gerais";"Sabará";"Veículo Oficial";",00";"Sim"
"0000000000015765457";"2";"20190105";"Brasil";"Minas Gerais";"Sabará";"20190105";"Brasil";"Minas Gerais";"Belo Horizonte";"Veículo Oficial";",00";"Não"
"0000000000015765495";"1";"20190107";"Brasil";"Rio Grande do Sul";"Santo Ângelo";"20190107";"Brasil";"Rio Grande do Sul";"Ijuí";"Veículo Próprio";",00";"Sim"
"0000000000015765495";"2";"20190107";"Brasil";"Rio Grande do Sul";"Ijuí";"20190107";"Brasil";"Rio Grande do Sul";"Santo Ângelo";"Veículo Próprio";",00";"Não"
"0000000000015765517";"1";"20190109";"Brasil";"Distrito Federal";"Brasília";"20190109";"Brasil";"São Paulo";"São Paulo";"Aéreo";",00";"Sim"
"0000000000015765517";"2";"20190109";"Brasil";"São Paulo";"São Paulo";"20190109";"Brasil";"Distrito Federal";"Brasília";"Aéreo";",50";"Não"
"0000000000015765528";"1";"20190103";"Brasil";"Rio Grande do Sul";"Santa Maria";"20190104";"Brasil";"Santa Catarina";"Chapecó";"Veículo Oficial";"1,00";"Sim"
"0000000000015765528";"2";"20190104";"Brasil";"Santa Catarina";"Chapecó";"20190104";"Brasil";"Rio Grande do Sul";"Santa Maria";"Veículo Oficial";",50";"Não"
"0000000000015765532";"1";"20190103";"Brasil";"Rio Grande do Sul";"Santa Maria";"20190104";"Brasil";"Santa Catarina";"Chapecó";"Veículo Oficial";"1,00";"Sim"
"0000000000015765532";"2";"20190104";"Brasil";"Santa Catarina";"Chapecó";"20190104";"Brasil";"Rio Grande do Sul";"Santa Maria";"Veículo Oficial";",50";"Não"
"0000000000015765620";"2";"20190104";"Brasil";"Distrito Federal";"Brasília";"20190104";"Brasil";"Rio Grande do Sul";"Porto Alegre";"Aéreo";",00";"Não"
"0000000000015765620";"1";"20190104";"Brasil";"Rio Grande do Sul";"Porto Alegre";"20190104";"Brasil";"Distrito Federal";"Brasília";"Aéreo";",00";"Sim"
"0000000000015765738";"1";"20190108";"Brasil";"Paraíba";"João Pessoa";"20190108";"Brasil";"Paraíba";"Campina Grande";"Veículo Oficial";",00";"Sim"
"0000000000015765738";"2";"20190108";"Brasil";"Paraíba";"Campina Grande";"20190108";"Brasil";"Paraíba";"João Pessoa";"Veículo Oficial";",50";"Não"
"0000000000015765742";"1";"20190108";"Brasil";"Paraíba";"João Pessoa";"20190108";"Brasil";"Paraíba";"Campina Grande";"Veículo Oficial";",00";"Sim"
"0000000000015765742";"2";"20190108";"Brasil";"Paraíba";"Campina Grande";"20190108";"Brasil";"Paraíba";"João Pessoa";"Veículo Oficial";",50";"Não"
"0000000000015765773";"2";"20190109";"Brasil";"Distrito Federal";"Brasília";"20190109";"Brasil";"Rio de Janeiro";"Rio de Janeiro";"Aéreo";",50";"Não"
"0000000000015765773";"1";"20190109";"Brasil";"Rio de Janeiro";"Rio de Janeiro";"20190109";"Brasil";"Distrito Federal";"Brasília";"Aéreo";",00";"Sim"
"0000000000015765872";"2";"20190110";"Brasil";"Distrito Federal";"Brasília";"20190110";"Brasil";"Rio de Janeiro";"Rio de Janeiro";"Aéreo";",50";"Não"
"0000000000015765872";"1";"20190110";"Brasil";"Rio de Janeiro";"Rio de Janeiro";"20190110";"Brasil";"Distrito Federal";"Brasília";"Aéreo";",00";"Sim"
"0000000000015765920";"2";"20190111";"Brasil";"Ceará";"Camocim";"20190111";"Brasil";"Ceará";"Acaraú";"Veículo Oficial";",50";"Não"
"0000000000015765920";"1";"20190110";"Brasil";"Ceará";"Acaraú";"20190111";"Brasil";"Ceará";"Camocim";"Veículo Oficial";"1,00";"Sim"
"0000000000015766013";"2";"20190131";"Brasil";"Distrito Federal";"Brasília";"20190131";"Brasil";"São Paulo";"São Paulo";"Aéreo";",50";"Não"
"0000000000015766013";"1";"20190130";"Brasil";"São Paulo";"São Paulo";"20190131";"Brasil";"Distrito Federal";"Brasília";"Aéreo";"1,00";"Sim"
"0000000000015766072";"1";"20190107";"Brasil";"Minas Gerais";"Belo Horizonte";"20190107";"Brasil";"Minas Gerais";"Sabará";"Veículo Oficial";",00";"Sim"
"0000000000015766072";"2";"20190107";"Brasil";"Minas Gerais";"Sabará";"20190107";"Brasil";"Minas Gerais";"Belo Horizonte";"Veículo Oficial";",00";"Não"
"0000000000015766079";"1";"20190107";"Brasil";"Minas Gerais";"Belo Horizonte";"20190107";"Brasil";"Minas Gerais";"Sabará";"Veículo Oficial";",00";"Sim"
"0000000000015766079";"2";"20190107";"Brasil";"Minas Gerais";"Sabará";"20190107";"Brasil";"Minas Gerais";"Belo Horizonte";"Veículo Oficial";",00";"Não"
"0000000000015766161";"1";"20190108";"Brasil";"Minas Gerais";"Teófilo Otoni";"20190108";"Brasil";"Minas Gerais";"Pavão";"Veículo Oficial";",00";"Sim"
"0000000000015766161";"2";"20190108";"Brasil";"Minas Gerais";"Pavão";"20190108";"Brasil";"Minas Gerais";"Teófilo Otoni";"Veículo Oficial";",00";"Não"
"0000000000015766168";"2";"20190102";"Brasil";"Espírito Santo";"São Mateus";"20190102";"Brasil";"Espírito Santo";"Vitória";"Veículo Oficial";",00";"Não"
"0000000000015766168";"1";"20190102";"Brasil";"Espírito Santo";"Vitória";"20190102";"Brasil";"Espírito Santo";"São Mateus";"Veículo Oficial";",00";"Sim"
"0000000000015766177";"2";"20190108";"Brasil";"Paraná";"Pitanga";"20190108";"Brasil";"Paraná";"Guarapuava";"Veículo Oficial";",50";"Não"
"0000000000015766177";"1";"20190108";"Brasil";"Paraná";"Guarapuava";"20190108";"Brasil";"Paraná";"Pitanga";"Veículo Oficial";",00";"Sim"
"0000000000015766225";"1";"20190109";"Brasil";"Distrito Federal";"Brasília";"20190109";"Brasil";"São Paulo";"São Paulo";"Aéreo";",00";"Sim"
"0000000000015766225";"2";"20190109";"Brasil";"São Paulo";"São Paulo";"20190109";"Brasil";"Distrito Federal";"Brasília";"Aéreo";",50";"Não"
"0000000000015766454";"1";"20190110";"Brasil";"Distrito Federal";"Brasília";"20190110";"Brasil";"São Paulo";"São Paulo";"Aéreo";",00";"Sim"
"0000000000015766454";"2";"20190110";"Brasil";"São Paulo";"São Paulo";"20190110";"Brasil";"Distrito Federal";"Brasília";"Aéreo";",50";"Não"
"0000000000015766459";"1";"20190107";"Brasil";"Rio Grande do Sul";"Santo Ângelo";"20190107";"Brasil";"Rio Grande do Sul";"Cruz Alta";"Veículo Oficial";",00";"Sim"
"0000000000015766459";"2";"20190107";"Brasil";"Rio Grande do Sul";"Cruz Alta";"20190107";"Brasil";"Rio Grande do Sul";"Santo Ângelo";"Veículo Oficial";",00";"Não"
"0000000000015766513";"1";"20190109";"Brasil";"Minas Gerais";"Belo Horizonte";"20190109";"Brasil";"Minas Gerais";"Pedro Leopoldo";"Veículo Oficial";",00";"Sim"
"0000000000015766513";"2";"20190109";"Brasil";"Minas Gerais";"Pedro Leopoldo";"20190109";"Brasil";"Minas Gerais";"Belo Horizonte";"Veículo Oficial";",00";"Não"
"0000000000015766515";"1";"20190109";"Brasil";"Minas Gerais";"Belo Horizonte";"20190109";"Brasil";"Minas Gerais";"Pedro Leopoldo";"Veículo Oficial";",00";"Sim"
"0000000000015766515";"2";"20190109";"Brasil";"Minas Gerais";"Pedro Leopoldo";"20190109";"Brasil";"Minas Gerais";"Belo Horizonte";"Veículo Oficial";",00";"Não"
"0000000000015766525";"1";"20190108";"Brasil";"Minas Gerais";"Belo Horizonte";"20190108";"Brasil";"Minas Gerais";"Contagem";"Veículo Oficial";",00";"Sim"
"0000000000015766525";"2";"20190108";"Brasil";"Minas Gerais";"Contagem";"20190108";"Brasil";"Minas Gerais";"Belo Horizonte";"Veículo Oficial";",00";"Não"
"0000000000015766529";"1";"20190107";"Brasil";"São Paulo";"Rancharia";"20190111";"Brasil";"São Paulo";"Estrela D,Oeste";"Veículo Próprio";"4,00";"Sim"
"0000000000015766529";"2";"20190111";"Brasil";"São Paulo";"Estrela D,Oeste";"20190111";"Brasil";"São Paulo";"Rancharia";"Veículo Próprio";",50";"Não"
"0000000000015766539";"1";"20190108";"Brasil";"Minas Gerais";"Belo Horizonte";"20190108";"Brasil";"Minas Gerais";"Contagem";"Veículo Oficial";",00";"Sim"
"0000000000015766539";"2";"20190108";"Brasil";"Minas Gerais";"Contagem";"20190108";"Brasil";"Minas Gerais";"Belo Horizonte";"Veículo Oficial";",00";"Não"
"0000000000015766653";"1";"20190110";"Brasil";"Distrito Federal";"Brasília";"20190110";"Brasil";"Rio de Janeiro";"Rio de Janeiro";"Aéreo";",00";"Sim"
"0000000000015766653";"2";"20190110";"Brasil";"Rio de Janeiro";"Rio de Janeiro";"20190110";"Brasil";"Distrito Federal";"Brasília";"Aéreo";",50";"Não"
"0000000000015766690";"2";"20190108";"Brasil";"Rio Grande do Sul";"Santa Rosa";"20190108";"Brasil";"Rio Grande do Sul";"Santo Ângelo";"Veículo Oficial";",00";"Não"
"0000000000015766690";"1";"20190108";"Brasil";"Rio Grande do Sul";"Santo Ângelo";"20190108";"Brasil";"Rio Grande do Sul";"Santa Rosa";"Veículo Oficial";",00";"Sim"
"0000000000015766814";"2";"20190109";"Brasil";"Piauí";"Floriano";"20190109";"Brasil";"Piauí";"Oeiras";"Veículo Oficial";",50";"Não"
"0000000000015766814";"1";"20190109";"Brasil";"Piauí";"Oeiras";"20190109";"Brasil";"Piauí";"Floriano";"Veículo Oficial";",00";"Sim"
"0000000000015766865";"2";"20190108";"Brasil";"Rio Grande do Sul";"Chuí";"20190108";"Brasil";"Rio Grande do Sul";"Rio Grande";"Veículo Oficial";",00";"Não"
"0000000000015766865";"1";"20190108";"Brasil";"Rio Grande do Sul";"Rio Grande";"20190108";"Brasil";"Rio Grande do Sul";"Chuí";"Veículo Oficial";",00";"Sim"
"0000000000015766870";"2";"20190108";"Brasil";"Rio Grande do Sul";"Chuí";"20190108";"Brasil";"Rio Grande do Sul";"Rio Grande";"Veículo Oficial";",00";"Não"
"0000000000015766870";"1";"20190108";"Brasil";"Rio Grande do Sul";"Rio Grande";"20190108";"Brasil";"Rio Grande do Sul";"Chuí";"Veículo Oficial";",00";"Sim"
"0000000000015766871";"2";"20190108";"Brasil";"Rio Grande do Sul";"Chuí";"20190108";"Brasil";"Rio Grande do Sul";"Rio Grande";"Veículo Oficial";",50";"Não"
"0000000000015766871";"1";"20190108";"Brasil";"Rio Grande do Sul";"Rio Grande";"20190108";"Brasil";"Rio Grande do Sul";"Chuí";"Veículo Oficial";",00";"Sim"
"0000000000015766878";"1";"20190109";"Brasil";"São Paulo";"Marília";"20190109";"Brasil";"São Paulo";"Santa Cruz do Rio Pardo";"Veículo Oficial";",00";"Sim"
"0000000000015766878";"2";"20190109";"Brasil";"São Paulo";"Santa Cruz do Rio Pardo";"20190109";"Brasil";"São Paulo";"Marília";"Veículo Oficial";",00";"Não"
"0000000000015766883";"1";"20190109";"Brasil";"São Paulo";"Marília";"20190109";"Brasil";"São Paulo";"Santa Cruz do Rio Pardo";"Veículo Oficial";",00";"Sim"
"0000000000015766883";"2";"20190109";"Brasil";"São Paulo";"Santa Cruz do Rio Pardo";"20190109";"Brasil";"São Paulo";"Marília";"Veículo Oficial";",00";"Não"
"0000000000015766892";"1";"20190109";"Brasil";"São Paulo";"Marília";"20190109";"Brasil";"São Paulo";"Santa Cruz do Rio Pardo";"Veículo Oficial";",00";"Sim"
"0000000000015766892";"2";"20190109";"Brasil";"São Paulo";"Santa Cruz do Rio Pardo";"20190109";"Brasil";"São Paulo";"Marília";"Veículo Oficial";",00";"Não"
"0000000000015767063";"2";"20190110";"Brasil";"Espírito Santo";"Cariacica";"20190110";"Brasil";"Espírito Santo";"Vitória";"Veículo Oficial";",00";"Não"
"0000000000015767063";"1";"20190110";"Brasil";"Espírito Santo";"Vitória";"20190110";"Brasil";"Espírito Santo";"Cariacica";"Veículo Oficial";",00";"Sim"
"0000000000015767138";"1";"20190111";"Brasil";"Distrito Federal";"Brasília";"20190114";"Brasil";"Rio Grande do Sul";"Porto Alegre";"Aéreo";",00";"Sim"
"0000000000015767138";"2";"20190114";"Brasil";"Rio Grande do Sul";"Porto Alegre";"20190114";"Brasil";"Distrito Federal";"Brasília";"Aéreo";",00";"Não"
"0000000000015767199";"1";"20190109";"Brasil";"Rio Grande do Sul";"Santo Ângelo";"20190109";"Brasil";"Rio Grande do Sul";"Porto Xavier";"Veículo Oficial";",00";"Sim"
"0000000000015767199";"2";"20190109";"Brasil";"Rio Grande do Sul";"Porto Xavier";"20190109";"Brasil";"Rio Grande do Sul";"Santo Ângelo";"Veículo Oficial";",50";"Não"
"0000000000015767220";"1";"20190109";"Brasil";"Rio Grande do Sul";"Santo Ângelo";"20190109";"Brasil";"Rio Grande do Sul";"Porto Xavier";"Veículo Oficial";",00";"Sim"
"0000000000015767220";"2";"20190109";"Brasil";"Rio Grande do Sul";"Porto Xavier";"20190109";"Brasil";"Rio Grande do Sul";"Santo Ângelo";"Veículo Oficial";",00";"Não"
"0000000000015767237";"1";"20190109";"Brasil";"Rio Grande do Sul";"Santo Ângelo";"20190109";"Brasil";"Rio Grande do Sul";"Porto Xavier";"Veículo Oficial";",00";"Sim"
"0000000000015767237";"2";"20190109";"Brasil";"Rio Grande do Sul";"Porto Xavier";"20190109";"Brasil";"Rio Grande do Sul";"Santo Ângelo";"Veículo Oficial";",00";"Não"
"0000000000015767238";"1";"20190109";"Brasil";"Rio Grande do Sul";"Santo Ângelo";"20190109";"Brasil";"Rio Grande do Sul";"Porto Xavier";"Veículo Oficial";",00";"Sim"
"0000000000015767238";"2";"20190109";"Brasil";"Rio Grande do Sul";"Porto Xavier";"20190109";"Brasil";"Rio Grande do Sul";"Santo Ângelo";"Veículo Oficial";",00";"Não"
"0000000000015767327";"2";"20190109";"Brasil";"Rio Grande do Sul";"Gravataí";"20190109";"Brasil";"Rio Grande do Sul";"Porto Alegre";"Veículo Oficial";",00";"Não"
"0000000000015767327";"1";"20190109";"Brasil";"Rio Grande do Sul";"Porto Alegre";"20190109";"Brasil";"Rio Grande do Sul";"Gravataí";"Veículo Oficial";",00";"Sim"
"0000000000015767489";"1";"20190109";"Brasil";"São Paulo";"Marília";"20190109";"Brasil";"São Paulo";"Santa Cruz do Rio Pardo";"Veículo Oficial";",00";"Sim"
"0000000000015767489";"2";"20190109";"Brasil";"São Paulo";"Santa Cruz do Rio Pardo";"20190109";"Brasil";"São Paulo";"Marília";"Veículo Oficial";",00";"Não"
"0000000000015767554";"2";"20190110";"Brasil";"Espírito Santo";"Cariacica";"20190110";"Brasil";"Espírito Santo";"Vila Velha";"Veículo Oficial";",00";"Sim"
"0000000000015767554";"3";"20190110";"Brasil";"Espírito Santo";"Vila Velha";"20190110";"Brasil";"Espírito Santo";"Vitória";"Veículo Oficial";",00";"Não"
"0000000000015767554";"1";"20190110";"Brasil";"Espírito Santo";"Vitória";"20190110";"Brasil";"Espírito Santo";"Cariacica";"Veículo Oficial";",00";"Sim"
"0000000000015767568";"2";"20190109";"Brasil";"Rio Grande do Sul";"Venâncio Aires";"20190109";"Brasil";"Rio Grande do Sul";"Santa Cruz do Sul";"Veículo Oficial";",00";"Não"
"0000000000015767568";"1";"20190109";"Brasil";"Rio Grande do Sul";"Santa Cruz do Sul";"20190109";"Brasil";"Rio Grande do Sul";"Venâncio Aires";"Veículo Oficial";",00";"Sim"
"0000000000015767621";"2";"20190109";"Brasil";"Rio Grande do Sul";"Boa Vista do Sul";"20190109";"Brasil";"Rio Grande do Sul";"Caxias do Sul";"Veículo Oficial";",00";"Não"
"0000000000015767621";"1";"20190109";"Brasil";"Rio Grande do Sul";"Caxias do Sul";"20190109";"Brasil";"Rio Grande do Sul";"Boa Vista do Sul";"Veículo Oficial";",00";"Sim"
"0000000000015767784";"2";"20190111";"Brasil";"Rio Grande do Sul";"Sertão Santana";"20190111";"Brasil";"Rio Grande do Sul";"Porto Alegre";"Veículo Oficial";",00";"Não"
"0000000000015767784";"1";"20190111";"Brasil";"Rio Grande do Sul";"Porto Alegre";"20190111";"Brasil";"Rio Grande do Sul";"Sertão Santana";"Veículo Oficial";",00";"Sim"
"0000000000015767806";"1";"20190108";"Brasil";"Paraná";"Maringá";"20190108";"Brasil";"Paraná";"Cianorte";"Veículo Oficial";",00";"Sim"
"0000000000015767806";"2";"20190108";"Brasil";"Paraná";"Cianorte";"20190108";"Brasil";"Paraná";"Maringá";"Veículo Oficial";",50";"Não"
"0000000000015767808";"1";"20190109";"Brasil";"Paraná";"Maringá";"20190109";"Brasil";"Paraná";"Cianorte";"Veículo Oficial";",00";"Sim"
"0000000000015767808";"2";"20190109";"Brasil";"Paraná";"Cianorte";"20190109";"Brasil";"Paraná";"Maringá";"Veículo Oficial";",50";"Não"
"0000000000015767813";"1";"20190110";"Brasil";"Paraná";"Maringá";"20190110";"Brasil";"Paraná";"Cianorte";"Veículo Oficial";",00";"Sim"
"0000000000015767813";"2";"20190110";"Brasil";"Paraná";"Cianorte";"20190110";"Brasil";"Paraná";"Maringá";"Veículo Oficial";",50";"Não"
"0000000000015767983";"2";"20190110";"Brasil";"Distrito Federal";"Brasília";"20190110";"Brasil";"Rio de Janeiro";"Rio de Janeiro";"Aéreo";",50";"Não"
"0000000000015767983";"1";"20190110";"Brasil";"Rio de Janeiro";"Rio de Janeiro";"20190110";"Brasil";"Distrito Federal";"Brasília";"Aéreo";",00";"Sim"
"0000000000015768179";"2";"20190111";"Brasil";"Distrito Federal";"Brasília";"20190111";"Brasil";"Rio Grande do Sul";"Porto Alegre";"Aéreo";",50";"Não"
"0000000000015768179";"1";"20190110";"Brasil";"Rio Grande do Sul";"Porto Alegre";"20190111";"Brasil";"Distrito Federal";"Brasília";"Aéreo";"1,00";"Sim"
"0000000000015768184";"2";"20190112";"Brasil";"Distrito Federal";"Brasília";"20190112";"Brasil";"Rio de Janeiro";"Rio de Janeiro";"Aéreo";",50";"Não"
"0000000000015768184";"1";"20190109";"Brasil";"Rio de Janeiro";"Rio de Janeiro";"20190112";"Brasil";"Distrito Federal";"Brasília";"Aéreo";"3,00";"Sim"
"0000000000015768219";"1";"20190109";"Brasil";"Minas Gerais";"Belo Horizonte";"20190112";"Brasil";"Distrito Federal";"Brasília";"Aéreo";"3,00";"Sim"
"0000000000015768219";"2";"20190112";"Brasil";"Distrito Federal";"Brasília";"20190112";"Brasil";"Minas Gerais";"Belo Horizonte";"Aéreo";",50";"Não"
"0000000000015768250";"1";"20190121";"Brasil";"Distrito Federal";"Brasília";"20190127";"Espanha";"";"Madri";"Aéreo";"5,50";"Sim"
"0000000000015768250";"2";"20190127";"Espanha";"";"Madri";"20190128";"Brasil";"Distrito Federal";"Brasília";"Aéreo";"1,50";"Não"
"0000000000015768276";"2";"20190109";"Brasil";"Minas Gerais";"Belo Horizonte";"20190109";"Brasil";"Minas Gerais";"Divinópolis";"Veículo Oficial";",50";"Não"
"0000000000015768276";"1";"20190109";"Brasil";"Minas Gerais";"Divinópolis";"20190109";"Brasil";"Minas Gerais";"Belo Horizonte";"Veículo Oficial";",00";"Sim"
"0000000000015768336";"2";"20190108";"Brasil";"São Paulo";"Santo Antônio do Aracanguá";"20190108";"Brasil";"São Paulo";"Araçatuba";"Veículo Oficial";",00";"Não"
"0000000000015768336";"1";"20190108";"Brasil";"São Paulo";"Araçatuba";"20190108";"Brasil";"São Paulo";"Santo Antônio do Aracanguá";"Veículo Oficial";",00";"Sim"
"0000000000015768352";"2";"20190109";"Brasil";"São Paulo";"Guararapes";"20190109";"Brasil";"São Paulo";"Araçatuba";"Veículo Oficial";",00";"Não"
"0000000000015768352";"1";"20190109";"Brasil";"São Paulo";"Araçatuba";"20190109";"Brasil";"São Paulo";"Guararapes";"Veículo Oficial";",00";"Sim"
"0000000000015768598";"2";"20190110";"Brasil";"Espírito Santo";"Cariacica";"20190110";"Brasil";"Espírito Santo";"Vila Velha";"Veículo Oficial";",00";"Sim"
"0000000000015768598";"3";"20190110";"Brasil";"Espírito Santo";"Vila Velha";"20190110";"Brasil";"Espírito Santo";"Vitória";"Veículo Oficial";",00";"Não"
"0000000000015768598";"1";"20190110";"Brasil";"Espírito Santo";"Vitória";"20190110";"Brasil";"Espírito Santo";"Cariacica";"Veículo Oficial";",00";"Sim"
"0000000000015768720";"1";"20190110";"Brasil";"Rio Grande do Sul";"Santo Ângelo";"20190110";"Brasil";"Rio Grande do Sul";"Porto Xavier";"Veículo Oficial";",00";"Sim"
"0000000000015768720";"2";"20190110";"Brasil";"Rio Grande do Sul";"Porto Xavier";"20190110";"Brasil";"Rio Grande do Sul";"Santo Ângelo";"Veículo Oficial";",00";"Não"
"0000000000015768845";"1";"20190110";"Brasil";"Distrito Federal";"Brasília";"20190110";"Brasil";"São Paulo";"São Paulo";"Aéreo";",00";"Sim"
"0000000000015768845";"2";"20190110";"Brasil";"São Paulo";"São Paulo";"20190110";"Brasil";"Distrito Federal";"Brasília";"Aéreo";",00";"Não"
"0000000000015768848";"2";"20190110";"Brasil";"Roraima";"Amajari";"20190110";"Brasil";"Roraima";"Uiramutã";"Veículo Oficial";",00";"Sim"
"0000000000015768848";"1";"20190110";"Brasil";"Roraima";"Boa Vista";"20190110";"Brasil";"Roraima";"Amajari";"Veículo Oficial";",00";"Sim"
"0000000000015768848";"3";"20190110";"Brasil";"Roraima";"Uiramutã";"20190110";"Brasil";"Roraima";"Boa Vista";"Veículo Oficial";",00";"Não"
"0000000000015768890";"2";"20190110";"Brasil";"Roraima";"Amajari";"20190110";"Brasil";"Roraima";"Uiramutã";"Veículo Oficial";",00";"Sim"
"0000000000015768890";"1";"20190110";"Brasil";"Roraima";"Boa Vista";"20190110";"Brasil";"Roraima";"Amajari";"Veículo Oficial";",00";"Sim"
"0000000000015768890";"3";"20190110";"Brasil";"Roraima";"Uiramutã";"20190110";"Brasil";"Roraima";"Boa Vista";"Veículo Oficial";",00";"Não"
"0000000000015768920";"2";"20190101";"Brasil";"Distrito Federal";"Brasília";"20190101";"Brasil";"São Paulo";"São Paulo";"Aéreo";",00";"Não"
"0000000000015768920";"1";"20190101";"Brasil";"São Paulo";"São Paulo";"20190101";"Brasil";"Distrito Federal";"Brasília";"Aéreo";",00";"Sim"
"0000000000015769173";"1";"20190111";"Brasil";"Minas Gerais";"Teófilo Otoni";"20190111";"Brasil";"Minas Gerais";"Malacacheta";"Veículo Oficial";",00";"Sim"
"0000000000015769173";"2";"20190111";"Brasil";"Minas Gerais";"Malacacheta";"20190111";"Brasil";"Minas Gerais";"Teófilo Otoni";"Veículo Oficial";",00";"Não"
"0000000000015769225";"2";"20190102";"Brasil";"Distrito Federal";"Brasília";"20190102";"Brasil";"São Paulo";"São Paulo";"Aéreo";",00";"Não"
"0000000000015769225";"1";"20190102";"Brasil";"São Paulo";"São Paulo";"20190102";"Brasil";"Distrito Federal";"Brasília";"Aéreo";",00";"Sim"
"0000000000015769387";"1";"20190103";"Brasil";"Distrito Federal";"Brasília";"20190103";"Brasil";"São Paulo";"São Paulo";"Aéreo";",00";"Sim"
"0000000000015770224";"2";"20190114";"Brasil";"Espírito Santo";"Cariacica";"20190114";"Brasil";"Espírito Santo";"Vitória";"Veículo Oficial";",00";"Não"
"0000000000015770224";"1";"20190114";"Brasil";"Espírito Santo";"Vitória";"20190114";"Brasil";"Espírito Santo";"Cariacica";"Veículo Oficial";",00";"Sim"
